{
  "zcd": {
    "enabled": true,
    "frequency": 50.01600647
  },
  "jsy": {
    "current1": 2.249000072,
    "current2": 2.259299994,
    "enabled": true,
    "energy_returned1": 0.709999979,
    "energy_returned2": 0,
    "energy1": 0.140000001,
    "energy2": 0.104000002,
    "frequency": 49.99000168,
    "power_factor1": 0.726999998,
    "power_factor2": 0.721000016,
    "power1": 375.3800049,
    "power2": 373.9216919,
    "voltage1": 229.319397,
    "voltage2": 229.319397,
    "time": 99784
  },
  "pzem1": {
    "address": 1,
    "current": 0.883000016,
    "enabled": true,
    "energy": 0.097000003,
    "frequency": 50,
    "power_factor": 0.74000001,
    "power": 150,
    "voltage": 229.3000031,
    "time": 99798
  },
  "pzem2": {
    "address": 2,
    "current": 1.376000047,
    "enabled": true,
    "energy": 0.071999997,
    "frequency": 50,
    "power_factor": 0.75,
    "power": 235.1999969,
    "voltage": 229.3999939,
    "time": 99735
  },
  "ds18Sys": {
    "elapsed_time": 111,
    "enabled": true,
    "expired": false,
    "last_temp": 25.5,
    "last_time": 99708
  },
  "leds": {
    "code": "🟢 🟡 ⚫",
    "green": true,
    "red": false,
    "yellow": true
  },
  "grid": {
    "online": true,
    "metrics": {
      "apparent_power": 518.6153564,
      "current": 2.259299994,
      "energy": 0.104000002,
      "energy_returned": 0,
      "frequency": 49.99000168,
      "power": 1431.960693,
      "power_factor": 0.721000016,
      "voltage": 229.319397
    },
    "mqtt": {
      "power": 1431.960693,
      "voltage": 229.4202423
    }
  },
  "router": {
    "metrics": {
      "apparent_power": 516.3027344,
      "current": 2.259000063,
      "energy": 0.169,
      "power": 385.2000122,
      "power_factor": 0.746073961,
      "thdi": 0.892489374
    },
    "output1": {
      "enabled": true,
      "state": "Routing",
      "bypass": "off",
      "online": true,
      "dimmer": {
        "angle": 1.570796371,
        "angle_d": 90.0000025,
        "delay": 5000,
        "duty": 2047,
        "duty_cycle": 0.4998779,
        "enabled": true,
        "state": "on"
      },
      "ds18": {
        "elapsed_time": 80,
        "enabled": true,
        "expired": false,
        "last_temp": 24.12999916,
        "last_time": 99741
      },
      "metrics": {
        "apparent_power": 202.7026978,
        "current": 0.883000016,
        "energy": 0.097000003,
        "power": 150,
        "power_factor": 0.74000001,
        "resistance": 192.3843994,
        "thdi": 0.908928156,
        "voltage": 229.3000031,
        "voltage_dimmed": 169.8754272,
        "pzem": {
          "apparent_power": 202.7026978,
          "current": 0.883000016,
          "energy": 0.097000003,
          "power": 150,
          "power_factor": 0.74000001,
          "resistance": 192.3843994,
          "thdi": 0.908928156,
          "voltage": 229.3000031,
          "voltage_dimmed": 169.8754272
        },
        "duty": {
          "apparent_power": 202.4890594,
          "current": 0.883000076,
          "energy": 0.097000003,
          "power": 143.1638947,
          "power_factor": 0.707020462,
          "resistance": 183.6166382,
          "thdi": 1.000244141,
          "voltage": 229.319397,
          "voltage_dimmed": 162.1334991
        }
      },
      "relay": {
        "enabled": true,
        "state": "off",
        "switch_count": 0
      }
    },
    "output2": {
      "enabled": true,
      "state": "Routing",
      "bypass": "off",
      "online": true,
      "dimmer": {
        "angle": 1.570796371,
        "angle_d": 90.0000025,
        "delay": 5000,
        "duty": 2047,
        "duty_cycle": 0.4998779,
        "enabled": true,
        "state": "on"
      },
      "ds18": {
        "elapsed_time": 99822,
        "enabled": false,
        "expired": false,
        "last_temp": 0,
        "last_time": 0
      },
      "metrics": {
        "apparent_power": 313.6000061,
        "current": 1.376000047,
        "energy": 0.071999997,
        "power": 235.1999969,
        "power_factor": 0.75,
        "resistance": 124.2225418,
        "thdi": 0.881917119,
        "voltage": 229.3999939,
        "voltage_dimmed": 170.9302216,
        "pzem": {
          "apparent_power": 313.6000061,
          "current": 1.376000047,
          "energy": 0.071999997,
          "power": 235.1999969,
          "power_factor": 0.75,
          "resistance": 124.2225418,
          "thdi": 0.881917119,
          "voltage": 229.3999939,
          "voltage_dimmed": 170.9302216
        },
        "duty": {
          "apparent_power": 315.5435181,
          "current": 1.376000166,
          "energy": 0.071999997,
          "power": 223.0957184,
          "power_factor": 0.707020462,
          "resistance": 117.8295746,
          "thdi": 1.000244141,
          "voltage": 229.319397,
          "voltage_dimmed": 162.1334991
        }
      },
      "relay": {
        "enabled": false,
        "state": "off",
        "switch_count": 0
      }
    }
  },
  "relay1": {
    "enabled": true,
    "state": "off",
    "switch_count": 0
  },
  "relay2": {
    "enabled": true,
    "state": "off",
    "switch_count": 0
  },
  "stack": {
    "async_tcp": {
      "stackHighWaterMark": 1504,
      "priority": 10
    },
    "mqtt_task": {
      "stackHighWaterMark": 1772,
      "priority": 5
    },
    "I/O": {
      "stackHighWaterMark": 2796,
      "priority": 1
    },
    "JSY": {
      "stackHighWaterMark": 1788,
      "priority": 5
    },
    "Core": {
      "stackHighWaterMark": 1740,
      "priority": 1
    },
    "PZEM": {
      "stackHighWaterMark": 1804,
      "priority": 5
    },
    "Router": {
      "stackHighWaterMark": 2300,
      "priority": 5
    }
  },
  "coreTaskManager": {
    "name": "Core",
    "tasks": [
      {
        "name": "Carousel",
        "type": "FOREVER",
        "paused": false,
        "enabled": true,
        "interval": 3000000
      },
      {
        "name": "Display",
        "type": "FOREVER",
        "paused": false,
        "enabled": true,
        "interval": 293000,
        "stats": {
          "count": 258,
          "unit": "ms",
          "bins": [
            0,
            0,
            0,
            0,
            0,
            250,
            7,
            1,
            0,
            0
          ]
        }
      },
      {
        "name": "DS18",
        "type": "FOREVER",
        "paused": false,
        "enabled": true,
        "interval": 0,
        "stats": {
          "count": 1233,
          "unit": "ms",
          "bins": [
            0,
            0,
            0,
            0,
            0,
            1,
            1232,
            0,
            0,
            0
          ]
        }
      },
      {
        "name": "Lights",
        "type": "FOREVER",
        "paused": false,
        "enabled": true,
        "interval": 200000
      },
      {
        "name": "ESPConnect",
        "type": "FOREVER",
        "paused": false,
        "enabled": true,
        "interval": 0
      },
      {
        "name": "NetworkServices",
        "type": "ONCE",
        "paused": true,
        "enabled": true,
        "interval": 0
      },
      {
        "name": "OTA",
        "type": "ONCE",
        "paused": true,
        "enabled": true,
        "interval": 0
      },
      {
        "name": "Profiler",
        "type": "FOREVER",
        "paused": false,
        "enabled": true,
        "interval": 10000000,
        "stats": {
          "count": 10,
          "unit": "ms",
          "bins": [
            0,
            0,
            0,
            0,
            0,
            0,
            1,
            9,
            0,
            0
          ]
        }
      },
      {
        "name": "Reset",
        "type": "ONCE",
        "paused": true,
        "enabled": true,
        "interval": 0
      },
      {
        "name": "Restart",
        "type": "ONCE",
        "paused": true,
        "enabled": true,