{
  "zcd": {
    "enabled": true,
    "frequency": 50.03102112
  },
  "jsy": {
    "current1": 2.682800055,
    "current2": 2.6947999,
    "enabled": true,
    "energy_returned1": 0.709999979,
    "energy_returned2": 0,
    "energy1": 0.130999997,
    "energy2": 0.094999999,
    "frequency": 50.02000046,
    "power_factor1": 1,
    "power_factor2": 1,
    "power1": 616.1762695,
    "power2": 618.8104858,
    "voltage1": 229.4078979,
    "voltage2": 229.4078979,
    "time": 28809
  },
  "pzem1": {
    "address": 1,
    "current": 1.05400002,
    "enabled": true,
    "energy": 0.093000002,
    "frequency": 50,
    "power_factor": 1,
    "power": 241.6999969,
    "voltage": 229.5,
    "time": 28731
  },
  "pzem2": {
    "address": 2,
    "current": 1.646000028,
    "enabled": true,
    "energy": 0.067000002,
    "frequency": 50,
    "power_factor": 1,
    "power": 377.3999939,
    "voltage": 229.6000061,
    "time": 28789
  },
  "ds18Sys": {
    "elapsed_time": 49,
    "enabled": true,
    "expired": false,
    "last_temp": 25.5,
    "last_time": 28772
  },
  "leds": {
    "code": "🟢 🟡 ⚫",
    "green": true,
    "red": false,
    "yellow": true
  },
  "grid": {
    "online": true,
    "metrics": {
      "apparent_power": 618.8104858,
      "current": 2.6947999,
      "energy": 0.094999999,
      "energy_returned": 0,
      "frequency": 50.02000046,
      "power": 1196.793823,
      "power_factor": 1,
      "voltage": 229.4078979
    },
    "mqtt": {
      "power": 1196.793823,
      "voltage": 230.2386017
    }
  },
  "router": {
    "metrics": {
      "apparent_power": 619.0999756,
      "current": 2.700000048,
      "energy": 0.159999996,
      "power": 619.0999756,
      "power_factor": 1,
      "thdi": 0
    },
    "output1": {
      "enabled": true,
      "state": "Routing",
      "bypass": "off",
      "online": true,
      "dimmer": {
        "angle": 0,
        "angle_d": 0,
        "delay": 0,
        "duty": 4095,
        "duty_cycle": 1,
        "enabled": true,
        "state": "on"
      },
      "ds18": {
        "elapsed_time": 19,
        "enabled": true,
        "expired": false,
        "last_temp": 24.12999916,
        "last_time": 28804
      },
      "metrics": {
        "apparent_power": 241.6999969,
        "current": 1.05400002,
        "energy": 0.093000002,
        "power": 241.6999969,
        "power_factor": 1,
        "resistance": 217.5681915,
        "thdi": 0,
        "voltage": 229.5,
        "voltage_dimmed": 229.3168793,
        "pzem": {
          "apparent_power": 241.6999969,
          "current": 1.05400002,
          "energy": 0.093000002,
          "power": 241.6999969,
          "power_factor": 1,
          "resistance": 217.5681915,
          "thdi": 0,
          "voltage": 229.5,
          "voltage_dimmed": 229.3168793
        },
        "duty": {
          "apparent_power": 241.7959442,
          "current": 1.054000139,
          "energy": 0.093000002,
          "power": 241.7959442,
          "power_factor": 1,
          "resistance": 217.654541,
          "thdi": 0,
          "voltage": 229.4078979,
          "voltage_dimmed": 229.4078979
        }
      },
      "relay": {
        "enabled": true,
        "state": "off",
        "switch_count": 0
      }
    },
    "output2": {
      "enabled": true,
      "state": "Routing",
      "bypass": "off",
      "online": true,
      "dimmer": {
        "angle": 0,
        "angle_d": 0,
        "delay": 0,
        "duty": 4095,
        "duty_cycle": 1,
        "enabled": true,
        "state": "on"
      },
      "ds18": {
        "elapsed_time": 28825,
        "enabled": false,
        "expired": false,
        "last_temp": 0,
        "last_time": 0
      },
      "metrics": {
        "apparent_power": 377.3999939,
        "current": 1.646000028,
        "energy": 0.067000002,
        "power": 377.3999939,
        "power_factor": 1,
        "resistance": 139.2971344,
        "thdi": 0,
        "voltage": 229.6000061,
        "voltage_dimmed": 229.2830963,
        "pzem": {
          "apparent_power": 377.3999939,
          "current": 1.646000028,
          "energy": 0.067000002,
          "power": 377.3999939,
          "power_factor": 1,
          "resistance": 139.2971344,
          "thdi": 0,
          "voltage": 229.6000061,
          "voltage_dimmed": 229.2830963
        },
        "duty": {
          "apparent_power": 377.6054382,
          "current": 1.646000147,
          "energy": 0.067000002,
          "power": 377.6054382,
          "power_factor": 1,
          "resistance": 139.3729553,
          "thdi": 0,
          "voltage": 229.4078979,
          "voltage_dimmed": 229.4078979
        }
      },
      "relay": {
        "enabled": false,
        "state": "off",
        "switch_count": 0
      }
    }
  },
  "relay1": {
    "enabled": true,
    "state": "off",
    "switch_count": 0
  },
  "relay2": {
    "enabled": true,
    "state": "off",
    "switch_count": 0
  },
  "stack": {
    "async_tcp": {
      "stackHighWaterMark": 1572,
      "priority": 10
    },
    "mqtt_task": {
      "stackHighWaterMark": 1772,
      "priority": 5
    },
    "I/O": {
      "stackHighWaterMark": 2796,
      "priority": 1
    },
    "JSY": {
      "stackHighWaterMark": 1788,
      "priority": 5
    },
    "Core": {
      "stackHighWaterMark": 1740,
      "priority": 1
    },
    "PZEM": {
      "stackHighWaterMark": 1820,
      "priority": 5
    },
    "Router": {
      "stackHighWaterMark": 2300,
      "priority": 5
    }
  },
  "coreTaskManager": {
    "name": "Core",
    "tasks": [
      {
        "name": "Carousel",
        "type": "FOREVER",
        "paused": false,
        "enabled": true,
        "interval": 3000000
      },
      {
        "name": "Display",
        "type": "FOREVER",
        "paused": false,
        "enabled": true,
        "interval": 293000,
        "stats": {
          "count": 70,
          "unit": "ms",
          "bins": [
            0,
            0,
            0,
            0,
            0,
            66,
            3,
            1,
            0,
            0
          ]
        }
      },
      {
        "name": "DS18",
        "type": "FOREVER",
        "paused": false,
        "enabled": true,
        "interval": 0,
        "stats": {
          "count": 324,
          "unit": "ms",
          "bins": [
            0,
            0,
            0,
            0,
            0,
            1,
            323,
            0,
            0,
            0
          ]
        }
      },
      {
        "name": "Lights",
        "type": "FOREVER",
        "paused": false,
        "enabled": true,
        "interval": 200000
      },
      {
        "name": "ESPConnect",
        "type": "FOREVER",
        "paused": false,
        "enabled": true,
        "interval": 0
      },
      {
        "name": "NetworkServices",
        "type": "ONCE",
        "paused": true,
        "enabled": true,
        "interval": 0
      },
      {
        "name": "OTA",
        "type": "ONCE",
        "paused": true,
        "enabled": true,
        "interval": 0
      },
      {
        "name": "Profiler",
        "type": "FOREVER",
        "paused": false,
        "enabled": true,
        "interval": 10000000,
        "stats": {
          "count": 3,
          "unit": "ms",
          "bins": [
            0,
            0,
            0,
            0,
            0,
            0,
            1,
            2,
            0,
            0
          ]
        }
      },
      {
        "name": "Reset",
        "type": "ONCE",
        "paused": true,
        "enabled": true,
        "interval": 0
      },
      {
        "name": "Restart",
        "type": "ONCE",
        "paused": true,
        "enabled": true,
        "interval": 0
      },
      {
        "name": "Dashboard",
        "type": "FOREVER",
        "paused": false,
        "enabled": true,
        "interval": 751000,
        "stats": {
          "count": 28,
          "unit": "ms",